code,enviromnent,goverance,rank,social
SEMI.BA,10.0,16.0,351,8.0
KE.O,37.0,29.0,81,82.0
HARG.BA,59.0,63.0,17,79.0
ALUA.BA,20.0,6.0,422,28.0
INDU.BA,1.0,56.0,306,2.0
LEDE.BA,56.0,35.0,194,45.0
PATA.BA,7.0,14.0,138,20.0
COME.BA,0.0,35.0,360,12.0
FERR.BA,21.0,43.0,121,21.0
MOLI.BA,59.0,48.0,89,79.0
CEPU.BA,43.0,67.0,131,37.0
TECO2.BA,63.0,53.0,50,75.0
GARO.BA,4.0,11.0,373,1.0
BPAT.BA,27.0,38.0,432,54.0
BBAR.BA,64.0,81.0,88,72.0
YPFD.BA,50.0,88.0,68,61.0
TRAN.BA,33.0,35.0,204,28.0
CARC.BA,4.0,31.0,301,16.0
CELU5.BA,9.0,4.0,74,4.0
CAPX.BA,23.0,64.0,218,11.0
SAMI.BA,46.0,67.0,116,64.0
TXAR.BA,34.0,64.0,264,40.0
CRES.BA,55.0,72.0,210,20.0
AGRO.BA,1.0,49.0,518,2.0
GBAN.BA,82.0,92.0,1,71.0
DYCA.BA,15.0,28.0,196,25.0
CADO.BA,7.0,44.0,272,35.0
BHIP.BA,18.0,58.0,160,83.0
BMA.BA,55.0,45.0,254,63.0
BOLT.BA,11.0,15.0,403,18.0
CECO2.BA,59.0,64.0,54,79.0
GGAL.BA,81.0,41.0,149,80.0
GCLA.BA,37.0,53.0,64,55.0
EDN.BA,29.0,81.0,139,41.0
DGCU2.BA,5.0,30.0,54,9.0
METR.BA,28.0,74.0,32,38.0
MIRG.BA,5.0,1.0,104,17.0
MELI.O,63.0,31.0,191,77.0
TGSU2.BA,46.0,62.0,95,68.0
LONG.BA,40.0,22.0,59,1.0
OEST.BA,22.0,42.0,63,55.0
MORI.BA,0.0,14.0,367,6.0
PAMP.BA,46.0,91.0,81,52.0
CGPA2.BA,3.0,17.0,55,15.0
CBA.AX,82.0,90.0,11,87.0
TGNO2.BA,35.0,66.0,102,45.0
BKW.AX,43.0,63.0,38,52.0
HVN.AX,12.0,56.0,70,40.0
BOQ.AX,69.0,85.0,91,67.0
HIL.AX,30.0,67.0,187,34.0
GUD.AX,7.0,50.0,183,30.0
MAH.AX,46.0,49.0,232,51.0
SOL.AX,4.0,76.0,31,34.0
PMV.AX,5.0,57.0,146,45.0
TRS.AX,20.0,59.0,55,55.0
SUN.AX,80.0,80.0,11,80.0
PPT.AX,68.0,82.0,30,68.0
ILU.AX,57.0,88.0,100,65.0
VRL.AX,35.0,69.0,150,33.0
FML.AX,9.0,40.0,445,12.0
IFM.AX,2.0,66.0,234,48.0
IRE.AX,46.0,51.0,7,68.0
CLH.AX,0.0,72.0,256,58.0
ELD.AX,35.0,75.0,166,45.0
MLX.AX,0.0,23.0,509,13.0
PDL.AX,64.0,71.0,56,61.0
BNO.AX,0.0,25.0,313,49.0
BGL.AX,2.0,28.0,446,25.0
DMP.AX,50.0,80.0,41,78.0
CUV.AX,0.0,42.0,187,46.0
ARU.AX,4.0,29.0,477,15.0
PET.AX,33.0,38.0,430,19.0
AMI.AX,19.0,50.0,333,31.0
HSN.AX,0.0,15.0,665,40.0
SGH.AX,5.0,16.0,370,30.0
WOW.AX,66.0,47.0,24,89.0
MCM.AX,41.0,40.0,24,46.0
AMP.AX,83.0,63.0,61,59.0
ORI.AX,50.0,51.0,137,54.0
ANZ.AX,65.0,93.0,6,90.0
NGI.AX,0.0,30.0,268,42.0
ORG.AX,54.0,86.0,59,64.0
LLC.AX,89.0,58.0,27,80.0
MCP.AX,0.0,39.0,85,12.0
BXB.AX,64.0,86.0,13,66.0
MNS.AX,5.0,19.0,485,17.0
JMS.AX,5.0,6.0,527,14.0
SXY.AX,33.0,64.0,179,34.0
WBC.AX,81.0,65.0,86,79.0
MMS.AX,20.0,56.0,280,59.0
OBL.AX,8.0,42.0,599,37.0
AWC.AX,28.0,30.0,311,45.0
BKL.AX,85.0,69.0,10,92.0
SWM.AX,19.0,38.0,113,50.0
OVT.AX,34.0,36.0,256,36.0
RIC.AX,25.0,79.0,205,36.0
SGM.AX,67.0,91.0,90,59.0
REA.AX,44.0,27.0,323,63.0
PME.AX,41.0,26.0,201,30.0
SBM.AX,65.0,53.0,120,72.0
CLE.AX,5.0,30.0,453,20.0
NEA.AX,32.0,27.0,529,35.0
WEC.AX,15.0,42.0,40,29.0
WSA.AX,34.0,74.0,239,42.0
PLS.AX,31.0,59.0,282,37.0
SPL.AX,34.0,44.0,124,60.0
TGR.AX,45.0,85.0,72,71.0
DNK.AX,10.0,27.0,286,26.0
FAR.AX,18.0,18.0,255,37.0
HT1.AX,9.0,61.0,90,48.0
DCG.AX,29.0,30.0,163,35.0
RXM.AX,19.0,34.0,428,11.0
GGG.AX,0.0,17.0,535,9.0
DXS.AX,93.0,87.0,1,96.0
CSL.AX,39.0,86.0,20,92.0
SIV.AX,0.0,16.0,414,18.0
PRT.AX,0.0,62.0,104,41.0
RIO.AX,78.0,68.0,24,91.0
CCL.AX,70.0,57.0,22,80.0
AX1.AX,10.0,49.0,118,64.0
BEN.AX,80.0,52.0,230,56.0
TAP.AX,7.0,38.0,346,10.0
COH.AX,37.0,52.0,72,72.0
CSR.AX,62.0,42.0,34,49.0
SHL.AX,81.0,67.0,16,74.0
ANN.AX,46.0,91.0,22,75.0
BHP.AX,81.0,97.0,3,87.0
CQR.AX,55.0,15.0,206,69.0
EHL.AX,27.0,14.0,321,39.0
AEF.AX,69.0,46.0,85,73.0
BKY.AX,54.0,7.0,9,33.0
ALQ.AX,59.0,86.0,32,78.0
ALK.AX,30.0,30.0,353,23.0
EWC.AX,3.0,11.0,261,2.0
SHV.AX,43.0,48.0,176,54.0
CVN.AX,5.0,55.0,283,18.0
TLS.AX,68.0,83.0,6,88.0
IMM.AX,0.0,16.0,311,60.0
MPO.AX,0.0,19.0,372,17.0
MGX.AX,35.0,47.0,279,43.0
OGC.AX,54.0,66.0,118,74.0
JIN.AX,24.0,45.0,183,42.0
WHC.AX,33.0,79.0,17,48.0
SLR.AX,5.0,24.0,496,12.0
CCP.AX,4.0,70.0,250,60.0
GPT.AX,90.0,81.0,16,79.0
PXS.AX,0.0,37.0,174,60.0
PAN.AX,9.0,26.0,437,23.0
A2B.AX,17.0,43.0,79,41.0
STO.AX,52.0,40.0,159,41.0
BLD.AX,73.0,57.0,11,71.0
ALD.AX,60.0,83.0,35,74.0
PFT.AX,0.0,11.0,363,11.0
IAG.AX,41.0,84.0,17,84.0
ABC.AX,53.0,63.0,39,39.0
NAN.AX,42.0,81.0,42,70.0
ATH.AX,0.0,27.0,242,58.0
OMH.AX,0.0,45.0,390,30.0
GWA.AX,60.0,55.0,61,44.0
PNI.AX,2.0,33.0,221,59.0
MTS.AX,39.0,78.0,58,47.0
IRI.AX,0.0,44.0,383,50.0
RKN.AX,0.0,37.0,627,19.0
IGO.AX,69.0,77.0,92,65.0
AJM.AX,2.0,19.0,316,12.0
RSG.AX,42.0,55.0,256,39.0
TAH.AX,70.0,53.0,40,84.0
FMS.AX,5.0,36.0,457,15.0
AAC.AX,20.0,77.0,258,15.0
SKI.AX,32.0,62.0,151,43.0
AGI.AX,6.0,41.0,251,22.0
MOC.AX,2.0,65.0,430,41.0
COE.AX,14.0,89.0,193,27.0
MVP.AX,0.0,19.0,354,18.0
VOC.AX,57.0,48.0,140,28.0
EOS.AX,0.0,20.0,97,31.0
RMS.AX,25.0,68.0,308,25.0
CDD.AX,38.0,47.0,126,38.0
CIA.TO,89.0,32.0,111,67.0
ALL.AX,45.0,42.0,140,50.0
GXY.AX,26.0,64.0,224,62.0
COL.AX,61.0,29.0,37,88.0
NAB.AX,83.0,87.0,12,88.0
MGR.AX,96.0,88.0,8,80.0
WPL.AX,59.0,70.0,37,81.0
NST.AX,47.0,83.0,132,66.0
DTZ.AX,0.0,17.0,115,21.0
NCM.AX,58.0,81.0,96,70.0
CIM.AX,60.0,45.0,50,82.0
WES.AX,84.0,24.0,25,92.0
APE.AX,8.0,23.0,224,38.0
SEK.AX,30.0,57.0,229,29.0
FMG.AX,70.0,43.0,85,86.0
OSH.AX,42.0,72.0,71,76.0
BNL.AX,0.0,17.0,321,4.0
AJX.AX,0.0,25.0,310,17.0
PRX.AX,8.0,31.0,434,21.0
FGX.AX,0.0,24.0,326,22.0
ARB.AX,34.0,38.0,161,32.0
PRN.AX,46.0,66.0,176,60.0
API.AX,15.0,75.0,71,49.0
ASB.AX,63.0,62.0,243,30.0
APZ.AX,14.0,37.0,312,28.0
CCV.AX,0.0,49.0,200,32.0
HZN.AX,8.0,24.0,361,12.0
CWP.AX,28.0,53.0,145,73.0
BPT.AX,50.0,74.0,61,74.0
OPT.AX,0.0,46.0,318,25.0
CMW.AX,65.0,76.0,31,76.0
CPU.AX,52.0,70.0,79,65.0
FLT.AX,52.0,32.0,174,37.0
DTL.AX,2.0,67.0,214,51.0
DOW.AX,62.0,88.0,41,56.0
RED.AX,22.0,24.0,387,23.0
FWD.AX,1.0,55.0,125,29.0
GRR.AX,19.0,55.0,337,24.0
GNC.AX,48.0,43.0,211,41.0
BRG.AX,39.0,44.0,31,61.0
BUB.AX,2.0,19.0,344,14.0
IMD.AX,35.0,47.0,208,69.0
HGO.AX,13.0,37.0,384,24.0
RRL.AX,35.0,76.0,265,31.0
LYC.AX,42.0,75.0,107,83.0
MXI.AX,0.0,41.0,206,20.0
MRM.AX,39.0,82.0,72,47.0
KCN.AX,11.0,26.0,441,19.0
PNV.AX,2.0,34.0,180,45.0
MCR.AX,0.0,53.0,381,26.0
MND.AX,34.0,41.0,107,59.0
CCX.AX,3.0,27.0,194,55.0
PDN.AX,52.0,48.0,6,56.0
OZL.AX,80.0,68.0,63,70.0
HLS.AX,56.0,85.0,37,37.0
RHC.AX,76.0,89.0,3,88.0
ALU.AX,20.0,74.0,182,46.0
WEB.AX,24.0,38.0,202,36.0
PAC.AX,32.0,60.0,168,37.0
SAR.AX,27.0,78.0,240,45.0
SIG.AX,47.0,67.0,64,47.0
FNP.AX,24.0,37.0,241,44.0
SLX.AX,38.0,24.0,192,13.0
WPP.AX,4.0,18.0,171,44.0
SDL.AX,0.0,27.0,495,14.0
A1M.AX,0.0,17.0,488,22.0
TAM.AX,3.0,21.0,518,9.0
SDG.AX,0.0,42.0,316,34.0
IFL.AX,45.0,71.0,91,51.0
ISX.AX,0.0,20.0,547,28.0
TRY.AX,14.0,14.0,492,11.0
NHF.AX,31.0,76.0,54,68.0
MAY.AX,6.0,49.0,306,15.0
AVE.AX,0.0,22.0,425,36.0
KAR.AX,9.0,61.0,239,28.0
PTM.AX,27.0,63.0,148,45.0
CGF.AX,65.0,29.0,98,76.0
CHC.AX,65.0,74.0,23,88.0
BWP.AX,29.0,10.0,399,17.0
RFG.AX,0.0,19.0,324,25.0
NCK.AX,0.0,29.0,243,26.0
WGX.AX,39.0,47.0,293,31.0
MNY.AX,9.0,34.0,635,39.0
MIN.AX,72.0,55.0,106,69.0
JBH.AX,36.0,49.0,105,59.0
NWH.AX,26.0,52.0,141,36.0
AGL.AX,40.0,92.0,20,47.0
DNA.AX,0.0,23.0,297,14.0
WCG.AX,15.0,20.0,486,57.0
SRV.AX,19.0,51.0,218,49.0
TNE.AX,25.0,51.0,162,75.0
KRM.AX,9.0,22.0,452,22.0
ABP.AX,90.0,46.0,49,75.0
IPL.AX,55.0,89.0,67,64.0
BCI.AX,7.0,15.0,483,19.0
MML.AX,13.0,40.0,403,18.0
PPS.AX,5.0,15.0,26,44.0
MFG.AX,20.0,14.0,261,61.0
BRK.AX,3.0,20.0,395,7.0
RNE.AX,20.0,14.0,244,12.0
VTG.AX,0.0,65.0,136,46.0
INA.AX,36.0,57.0,99,86.0
ACR.AX,0.0,53.0,215,29.0
SYR.AX,29.0,67.0,219,59.0
LNG.AX,12.0,64.0,236,25.0
ERA.AX,50.0,41.0,7,38.0
EML.AX,0.0,67.0,266,28.0
PRU.AX,45.0,36.0,182,79.0
HUM.AX,50.0,83.0,238,40.0
INR.AX,9.0,46.0,412,15.0
EVN.AX,57.0,31.0,231,52.0
HUB.AX,0.0,7.0,349,30.0
AUB.AX,16.0,65.0,152,36.0
QUB.AX,33.0,82.0,33,58.0
CTP.AX,5.0,37.0,334,16.0
QBE.AX,89.0,61.0,24,87.0
CDA.AX,14.0,55.0,76,52.0
QAN.AX,68.0,84.0,12,66.0
GOR.AX,79.0,84.0,21,83.0
ORE.AX,53.0,73.0,127,69.0
CWN.AX,81.0,51.0,98,42.0
ANG.AX,2.0,26.0,489,33.0
CAJ.AX,0.0,50.0,116,34.0
NHC.AX,51.0,29.0,22,57.0
BLY.AX,26.0,74.0,218,57.0
TGA.AX,0.0,52.0,620,31.0
BSL.AX,65.0,76.0,72,76.0
LCL.AX,1.0,5.0,542,13.0
SFR.AX,62.0,83.0,48,83.0
WOR.AX,80.0,48.0,27,77.0
CQE.AX,24.0,9.0,392,30.0
GEM.AX,7.0,40.0,70,30.0
SUL.AX,69.0,81.0,15,79.0
CLQ.AX,5.0,25.0,287,13.0
CWY.AX,46.0,60.0,139,52.0
MSB.AX,0.0,26.0,343,43.0
NUF.AX,51.0,92.0,111,48.0
AMA.AX,10.0,52.0,76,15.0
IVC.AX,33.0,88.0,42,35.0
MYX.AX,30.0,70.0,75,70.0
IPD.AX,3.0,45.0,203,29.0
CAIV.VI,43.0,80.0,66,74.0
UNIQ.VI,67.0,58.0,132,38.0
SMPV.VI,35.0,28.0,114,72.0
VOES.VI,69.0,58.0,104,71.0
VIEV.VI,72.0,34.0,48,44.0
SIAG.VI,16.0,19.0,301,47.0
KTCG.VI,49.0,67.0,16,80.0
AGRV.VI,51.0,55.0,141,57.0
AMS.S,31.0,81.0,76,56.0
IMFI.VI,57.0,48.0,107,72.0
OMVV.VI,74.0,89.0,8,83.0
LENV.VI,48.0,57.0,132,56.0
VIGR.VI,66.0,73.0,57,60.0
SANT1.DE,41.0,64.0,150,58.0
DOCO.VI,72.0,31.0,53,44.0
PALF.VI,63.0,34.0,174,73.0
EVNV.VI,73.0,30.0,67,75.0
SBOE.VI,52.0,75.0,68,45.0
VERB.VI,88.0,61.0,25,75.0
TELA.VI,64.0,46.0,52,77.0
ATSV.VI,35.0,56.0,70,74.0
MMKV.VI,33.0,63.0,31,63.0
POST.VI,73.0,75.0,17,67.0
ABGV.VI,82.0,46.0,24,81.0
INVB.BH,0.0,27.0,282,40.0
ANDR.VI,75.0,78.0,46,77.0
ATRS.VI,37.0,10.0,294,39.0
WBSV.VI,69.0,61.0,13,73.0
RBIV.VI,61.0,37.0,155,87.0
NATB.BH,57.0,75.0,105,74.0
ZUMV.VI,39.0,71.0,145,76.0
GHG.BH,3.0,66.0,219,22.0
INOV.BH,0.0,40.0,323,5.0
DUTY.BH,0.0,36.0,95,12.0
BCFC.BH,0.0,39.0,917,10.0
BKIC.BH,0.0,17.0,296,12.0
ACKB.BR,51.0,32.0,149,22.0
COLR.BR,87.0,28.0,55,56.0
BAR.BR,73.0,44.0,21,78.0
COFB.BR,79.0,82.0,32,68.0
FAGRO.BR,51.0,53.0,69,78.0
MONTE.BR,29.0,68.0,195,43.0
SOF.BR,0.0,10.0,45,44.0
IETB.BR,75.0,73.0,21,73.0
CFEB.BR,61.0,39.0,84,57.0
ECONB.BR,55.0,11.0,545,43.0
UMI.BR,87.0,63.0,28,74.0
RECT.BR,47.0,49.0,167,38.0
BEFB.BR,94.0,44.0,75,60.0
UCB.BR,78.0,82.0,9,93.0
PROX.BR,69.0,55.0,41,75.0
GLPG.AS,12.0,63.0,56,66.0
TNET.BR,82.0,60.0,32,71.0
IBAB.BR,49.0,86.0,35,68.0
BEKB.BR,58.0,68.0,117,70.0
GIMV.BR,29.0,46.0,185,47.0
VELD.BR,32.0,23.0,54,72.0
SOLB.BR,86.0,87.0,5,76.0
KIPO.BR,34.0,18.0,211,39.0
SIOE.BR,29.0,11.0,94,44.0
OXUR.BR,12.0,27.0,156,70.0
OBEL.BR,33.0,75.0,89,50.0
MLXS.BR,70.0,17.0,91,59.0
PRIF.BR,27.0,45.0,264,47.0
RETE.BR,45.0,74.0,154,45.0
NYR.BR,50.0,72.0,193,46.0
WDPP.BR,67.0,37.0,122,73.0
AGFB.BR,63.0,28.0,64,85.0
GREENY.BR,90.0,28.0,113,60.0
EUAV.BR,60.0,89.0,64,31.0
GBLB.BR,61.0,76.0,6,82.0
TESB.BR,44.0,40.0,174,43.0
KBCA.BR,0.0,35.0,340,3.0
EXMR.BR,40.0,16.0,138,41.0
ELI.BR,50.0,38.0,108,65.0
AOO.BR,74.0,54.0,88,65.0
LAZ,57.0,77.0,53,58.0
PDL.L,77.0,97.0,39,67.0
LRE.L,14.0,86.0,115,37.0
NAT,8.0,9.0,213,12.0
AGO,55.0,86.0,74,43.0
GKP.L,24.0,91.0,168,30.0
SFL,18.0,30.0,189,11.0
TK,48.0,55.0,90,46.0
GOGL.O,30.0,22.0,127,30.0
ESGR.O,30.0,83.0,117,34.0
AXS,74.0,63.0,61,65.0
FRO.OL,24.0,31.0,161,29.0
BRKM5.SA,53.0,61.0,141,46.0
LIGT3.SA,55.0,90.0,56,62.0
BBDC4.SA,86.0,69.0,38,90.0
ITUB4.SA,84.0,79.0,15,93.0
ALPA4.SA,8.0,29.0,106,22.0
LEVE3.SA,49.0,6.0,172,31.0
CMIG4.SA,85.0,45.0,38,75.0
ELET6.SA,86.0,76.0,12,82.0
LAME4.SA,61.0,66.0,17,79.0
CESP6.SA,53.0,39.0,133,44.0
BRFS3.SA,82.0,85.0,27,74.0
VALE3.SA,90.0,87.0,2,86.0
PETR4.SA,62.0,78.0,22,86.0
ENBR3.SA,72.0,70.0,41,69.0
GOAU4.SA,65.0,58.0,87,81.0
ODPV3.SA,82.0,53.0,21,75.0
HGTX3.SA,55.0,55.0,28,68.0
SLCE3.SA,50.0,29.0,248,30.0
TUPY3.SA,25.0,51.0,154,36.0
SULA11.SA,68.0,84.0,19,74.0
WEGE3.SA,62.0,50.0,182,60.0
ENGI4.SA,29.0,61.0,169,38.0
MRFG3.SA,81.0,54.0,105,53.0
DTEX3.SA,81.0,75.0,4,89.0
OIBR4.SA,46.0,74.0,80,52.0
POMO4.SA,0.0,57.0,450,27.0
GOLL4.SA,41.0,67.0,60,44.0
LREN3.SA,83.0,88.0,2,91.0
EMBR3.SA,59.0,74.0,22,65.0
RAPT4.SA,73.0,27.0,228,53.0
USIM5.SA,59.0,70.0,121,66.0
CPLE6.SA,92.0,64.0,7,87.0
RSID3.SA,7.0,38.0,314,32.0
VVAR3.SA,51.0,41.0,114,55.0
BBAS3.SA,84.0,61.0,67,85.0
SBSP3.SA,40.0,53.0,15,64.0
PCAR3.SA,66.0,69.0,25,73.0
MYPK3.SA,0.0,44.0,210,14.0
ITSA4.SA,16.0,43.0,214,84.0
BRAP4.SA,14.0,24.0,36,27.0
TEND3.SA,0.0,13.0,397,1.0
YDUQ3.SA,23.0,69.0,3,41.0
CPFE3.SA,82.0,60.0,46,59.0
TESA3.SA,12.0,23.0,301,30.0
IGTA3.SA,5.0,38.0,318,33.0
BEEF3.SA,70.0,27.0,165,52.0
MRVE3.SA,55.0,63.0,68,77.0
CYRE3.SA,23.0,22.0,291,41.0
EGIE3.SA,87.0,89.0,2,87.0
VIVT3.SA,49.0,78.0,75,51.0
BRML3.SA,20.0,46.0,241,45.0
MDIA3.SA,57.0,71.0,114,56.0
KLBN4.SA,85.0,34.0,14,78.0
BRDT3.SA,47.0,90.0,25,80.0
CCRO3.SA,46.0,60.0,21,82.0
COGN3.SA,46.0,83.0,7,40.0
TRPL4.SA,23.0,49.0,160,59.0
RADL3.SA,57.0,59.0,51,57.0
BRSR6.SA,3.0,30.0,818,28.0
GUAR3.SA,9.0,11.0,265,9.0
RAIL3.SA,66.0,31.0,58,61.0
VLID3.SA,12.0,23.0,278,52.0
UGPA3.SA,60.0,68.0,57,71.0
GFSA3.SA,6.0,81.0,85,43.0
TOTS3.SA,48.0,89.0,16,82.0
SMTO3.SA,58.0,48.0,164,49.0
STBP3.SA,66.0,70.0,19,63.0
PSSA3.SA,17.0,32.0,203,44.0
RENT3.SA,34.0,85.0,28,70.0
GRND3.SA,32.0,17.0,105,20.0
EVEN3.SA,10.0,13.0,386,6.0
SAPR4.SA,48.0,34.0,22,41.0
PDGR3.SA,5.0,18.0,374,21.0
CSAN3.SA,18.0,37.0,253,29.0
ENEV3.SA,51.0,72.0,79,61.0
EZTC3.SA,18.0,49.0,328,7.0
JBSS3.SA,90.0,78.0,28,72.0
DASA3.SA,61.0,31.0,86,43.0
ABCB4.SA,0.0,24.0,958,11.0
BTOW3.SA,80.0,78.0,14,52.0
EQTL3.SA,21.0,41.0,157,72.0
MULT3.SA,67.0,51.0,125,53.0
MMXM3.SA,0.0,29.0,541,1.0
GEMD.L,39.0,90.0,200,42.0
CSMG3.SA,0.0,18.0,38,11.0
SUZB3.SA,62.0,68.0,15,84.0
TAEE11.SA,25.0,51.0,176,46.0
ARX.TO,37.0,75.0,144,45.0
CCO.TO,90.0,70.0,1,93.0
LNR.TO,61.0,30.0,122,44.0
ARE.TO,43.0,82.0,54,69.0
CRR_u.TO,24.0,70.0,220,43.0
AAV.TO,30.0,43.0,194,40.0
EQB.TO,17.0,80.0,255,47.0
RCG.TO,0.0,10.0,313,47.0
DCa.TO,8.0,13.0,343,15.0
OPY,1.0,48.0,208,45.0
WM.TO,0.0,52.0,439,13.0
MSI.TO,39.0,92.0,15,76.0
GC.TO,15.0,67.0,175,36.0
BCE.TO,81.0,57.0,34,72.0
BNS.TO,96.0,62.0,43,90.0
CM.TO,83.0,51.0,81,90.0
CFP.TO,70.0,36.0,30,38.0
CNR.TO,72.0,78.0,7,82.0
BMO.TO,96.0,72.0,17,93.0
CU.TO,22.0,49.0,38,27.0
FTT.TO,38.0,76.0,183,62.0
GWO.TO,38.0,56.0,128,50.0
LB.TO,54.0,56.0,307,46.0
L.TO,74.0,76.0,15,76.0
CCLb.TO,48.0,64.0,44,28.0
ENB.TO,96.0,63.0,10,79.0
MX.TO,37.0,56.0,180,39.0
MRU.TO,45.0,45.0,76,48.0
WTE.TO,17.0,12.0,97,3.0
CTCa.TO,80.0,44.0,28,71.0
FRU.TO,4.0,75.0,263,15.0
RUS.TO,33.0,84.0,246,33.0
ENGH.TO,0.0,29.0,656,25.0
ACOx.TO,44.0,60.0,30,17.0
SAP.TO,81.0,46.0,78,69.0
BBDb.TO,82.0,57.0,15,73.0
GSC.TO,43.0,55.0,209,57.0
IIP_u.TO,37.0,62.0,216,37.0
RETa.V,11.0,14.0,226,44.0
SPB.TO,2.0,84.0,41,30.0
POW.TO,82.0,25.0,75,85.0
GBU.V,15.0,10.0,440,26.0
WN.TO,4.0,37.0,118,24.0
DIIb.TO,19.0,27.0,45,44.0
BLX.TO,40.0,54.0,159,36.0
AP_u.TO,68.0,90.0,58,52.0
TCLa.TO,66.0,66.0,34,22.0
ATDb.TO,54.0,44.0,163,35.0
CPG.TO,38.0,94.0,128,39.0
STN.TO,84.0,64.0,14,84.0
XTC.TO,9.0,36.0,212,11.0
BNE.TO,2.0,36.0,315,24.0
UNS.TO,31.0,49.0,160,28.0
BAD.TO,11.0,89.0,146,23.0
NOVT.O,71.0,27.0,30,76.0
VFF.TO,9.0,20.0,345,8.0
JAG.TO,25.0,42.0,323,33.0
BIR.TO,35.0,52.0,206,21.0
BEI_u.TO,40.0,83.0,116,62.0
ATA.TO,61.0,58.0,192,51.0
NFI.TO,75.0,52.0,64,87.0
ITP.TO,50.0,83.0,35,27.0
S.TO,79.0,69.0,40,81.0
EDR.TO,74.0,81.0,89,59.0
DNT.TO,25.0,39.0,329,34.0
BAMa.TO,83.0,84.0,25,63.0
CJT.TO,9.0,43.0,132,30.0
MFI.TO,58.0,61.0,104,65.0
ESI.TO,31.0,80.0,106,33.0
IMAX.K,5.0,48.0,147,31.0
AGFb.TO,23.0,58.0,140,56.0
PAAS.TO,75.0,78.0,31,84.0
ELD.TO,71.0,76.0,43,83.0
IMO.TO,51.0,79.0,64,67.0
TRZ.TO,61.0,57.0,106,44.0
REI_u.TO,77.0,62.0,64,67.0
TRI.TO,63.0,25.0,124,74.0
MTL.TO,18.0,86.0,67,54.0
TRQ.TO,32.0,64.0,253,43.0
AT,1.0,30.0,251,13.0
NVA.TO,42.0,81.0,131,42.0
BTE.TO,39.0,86.0,129,42.0
SRU_u.TO,36.0,16.0,346,34.0
TECK.K,85.0,52.0,23,95.0
SLF.TO,90.0,69.0,20,81.0
SNC.TO,82.0,68.0,22,68.0
WPK.TO,29.0,44.0,50,34.0
GIBa.TO,77.0,46.0,88,82.0
TA.TO,75.0,47.0,80,49.0
MG.TO,45.0,51.0,84,64.0
MRC.TO,61.0,34.0,171,52.0
EMPa.TO,49.0,76.0,57,44.0
EMA.TO,39.0,73.0,118,44.0
RCIb.TO,81.0,53.0,40,72.0
SU.TO,76.0,72.0,33,70.0
IFP.TO,50.0,77.0,24,49.0
CP.TO,78.0,79.0,2,95.0
QBRb.TO,21.0,71.0,132,31.0
TIH.TO,40.0,77.0,244,39.0
CAS.TO,89.0,45.0,15,62.0
LNF.TO,12.0,7.0,107,15.0
CWB.TO,31.0,77.0,174,63.0
AEM.TO,63.0,72.0,74,79.0
MRE.TO,26.0,72.0,115,52.0
WFT.TO,78.0,88.0,6,61.0
HR_u.TO,25.0,79.0,191,47.0
HSE.TO,66.0,24.0,120,60.0
APT,0.0,71.0,191,14.0
LMNL.O,0.0,11.0,490,35.0
ERF.TO,44.0,80.0,122,46.0
HRX.TO,0.0,28.0,71,54.0
COLUF.PK,0.0,23.0,480,21.0
TFII.TO,12.0,64.0,126,17.0
SEA.TO,27.0,25.0,389,19.0
T.TO,82.0,79.0,12,80.0
BB.TO,69.0,63.0,52,78.0
CCA.TO,76.0,75.0,5,92.0
CLS.TO,88.0,52.0,7,83.0
FTS.TO,76.0,93.0,19,73.0
D_u.TO,74.0,58.0,85,64.0
ELF.TO,0.0,18.0,299,8.0
CEU.TO,14.0,50.0,170,19.0
CSU.TO,0.0,24.0,794,2.0
CIGI.TO,45.0,66.0,168,39.0
DPM.TO,59.0,63.0,127,69.0
EDV.TO,84.0,75.0,17,87.0
LGFa,0.0,53.0,128,37.0
VBIV.O,0.0,53.0,123,56.0
SSRM.O,63.0,34.0,203,53.0
TKO.TO,48.0,63.0,220,44.0
RBA.TO,26.0,80.0,144,45.0
TGL.TO,5.0,56.0,308,12.0
GSY.TO,0.0,60.0,669,20.0
SOY.TO,37.0,53.0,251,23.0
TNX.TO,7.0,47.0,400,19.0
CJRb.TO,29.0,16.0,165,42.0
BIP,54.0,42.0,27,46.0
ONEX.TO,5.0,29.0,288,35.0
IGM.TO,96.0,41.0,57,85.0
LIF.TO,2.0,22.0,447,28.0
SJRb.TO,46.0,52.0,106,43.0
FFH.TO,6.0,27.0,243,32.0
INE.TO,72.0,55.0,62,62.0
MDI.TO,2.0,82.0,342,21.0
MAG.TO,7.0,67.0,254,63.0
WJX.TO,41.0,67.0,258,41.0
RCH.TO,33.0,39.0,123,13.0
WEF.TO,27.0,85.0,38,51.0
LASa.TO,12.0,3.0,360,9.0
CMG.TO,13.0,49.0,415,33.0
ACQ.TO,0.0,47.0,215,29.0
CHR.TO,26.0,71.0,57,56.0
CG.TO,70.0,55.0,98,73.0
K.TO,68.0,75.0,42,86.0
SWIR.O,67.0,52.0,34,63.0
FR.TO,55.0,71.0,163,52.0
NPI.TO,57.0,72.0,94,43.0
TCW.TO,31.0,40.0,130,39.0
FM.TO,73.0,89.0,64,63.0
WPRT.TO,58.0,67.0,75,51.0
LULU.O,51.0,66.0,58,35.0
NDM.TO,13.0,35.0,406,20.0
MLKKF.PK,0.0,8.0,548,7.0
RPI_u.TO,0.0,21.0,64,5.0
CAR_u.TO,62.0,81.0,50,73.0
BNAU.TO,0.0,21.0,505,15.0
LUG.TO,59.0,39.0,180,66.0
ACEh.V,2.0,18.0,105,27.0
MFC.TO,73.0,70.0,34,74.0
KEY.TO,62.0,75.0,61,41.0
ELR.TO,10.0,29.0,431,22.0
NG,26.0,75.0,244,47.0
UFS,75.0,86.0,11,63.0
PSI.TO,16.0,48.0,152,28.0
EFR.TO,43.0,84.0,4,45.0
CLIQ.TO,0.0,23.0,130,23.0
GAU.TO,39.0,54.0,217,58.0
WDO.TO,55.0,85.0,190,35.0
CGG.TO,78.0,41.0,156,55.0
PMT.TO,13.0,12.0,328,24.0
FENC.O,0.0,49.0,323,21.0
CUF_u.TO,29.0,86.0,143,58.0
TD.TO,84.0,58.0,84,84.0
AX_u.TO,3.0,52.0,330,43.0
NA.TO,86.0,38.0,121,88.0
TRP.TO,79.0,59.0,46,48.0
SRSCQ.PK,83.0,42.0,24,76.0
WPM.TO,51.0,58.0,185,58.0
CSH_u.TO,66.0,81.0,26,51.0
IFC.TO,33.0,57.0,113,58.0
PG.TO,0.0,12.0,510,19.0
SGQ.TO,67.0,45.0,16,59.0
WILD.TO,0.0,53.0,141,31.0
IPL.TO,45.0,77.0,75,42.0
CFW.TO,25.0,27.0,172,24.0
BTO.TO,72.0,84.0,27,85.0
CS.TO,56.0,70.0,206,37.0
UEX.TO,10.0,59.0,13,21.0
DML.TO,49.0,50.0,5,64.0
FNV.TO,57.0,71.0,136,63.0
SVM.TO,68.0,56.0,145,59.0
FVI.TO,71.0,42.0,95,83.0
HLF,13.0,59.0,199,58.0
AC.TO,55.0,83.0,25,59.0
3918.HK,85.0,85.0,6,85.0
MASISA.SN,60.0,57.0,37,26.0
CAP.SN,60.0,23.0,192,68.0
CWCO.O,16.0,78.0,23,47.0
CCU.SN,60.0,45.0,43,60.0
AESGENER.SN,51.0,74.0,54,69.0
COPEC.SN,70.0,33.0,102,59.0
VAPORES.SN,3.0,24.0,153,35.0
ENTEL.SN,33.0,42.0,83,70.0
CMPC.SN,74.0,79.0,13,65.0
COLBUN.SN,82.0,86.0,23,66.0
ENELAM.SN,84.0,70.0,9,91.0
ENELGXCH.SN,58.0,17.0,115,65.0
PARAUCO.SN,73.0,25.0,85,87.0
CONCHATORO.SN,83.0,77.0,13,70.0
SQMA.SN,66.0,77.0,47,76.0
ANTARCHILE.SN,1.0,9.0,396,14.0
SALFACORP.SN,25.0,12.0,173,45.0
SECURITY.SN,3.0,68.0,268,57.0
BESALCO.SN,13.0,34.0,184,31.0
ECL.SN,38.0,51.0,116,63.0
BSANTANDER.SN,81.0,85.0,19,87.0
FALABELLA.SN,71.0,66.0,7,90.0
ANDINAB.SN,74.0,77.0,6,85.0
AGUASA.SN,66.0,55.0,6,79.0
EMBONORB.SN,51.0,18.0,60,50.0
QUINENCO.SN,15.0,42.0,327,6.0
RIPLEY.SN,0.0,41.0,103,3.0
LTM.SN,60.0,72.0,13,79.0
GASCO.SN,28.0,59.0,37,33.0
ITAUCORP.SN,14.0,64.0,326,50.0
SK.SN,16.0,13.0,53,17.0
IAM.SN,11.0,44.0,31,21.0
CENCOSUD.SN,44.0,49.0,56,63.0
FORUS.SN,7.0,8.0,259,21.0
CHILE.SN,42.0,40.0,279,65.0
SONDA.SN,34.0,24.0,487,45.0
BCI.SN,57.0,30.0,288,67.0
OROBLANCO.SN,0.0,6.0,53,4.0
NUEVAPOLAR.SN,0.0,4.0,111,2.0
600000.SS,68.0,43.0,391,42.0
600588.SS,27.0,37.0,349,53.0
600705.SS,76.0,58.0,337,35.0
600690.SS,85.0,25.0,24,48.0
0817.HK,68.0,68.0,98,48.0
000883.SZ,18.0,38.0,230,28.0
600466.SS,32.0,29.0,206,73.0
600061.SS,4.0,65.0,222,19.0
002081.SZ,10.0,75.0,167,18.0
601939.SS,60.0,77.0,165,56.0
0425.HK,54.0,84.0,82,39.0
601988.SS,58.0,67.0,166,64.0
000066.SZ,10.0,30.0,85,25.0
600879.SS,6.0,60.0,70,28.0
000738.SZ,19.0,34.0,92,12.0
002127.SZ,0.0,80.0,354,12.0
0867.HK,76.0,83.0,66,48.0
600089.SS,18.0,82.0,379,13.0
600688.SS,84.0,67.0,79,41.0
002044.SZ,35.0,44.0,106,32.0
000739.SZ,19.0,56.0,208,20.0
000598.SZ,51.0,61.0,14,45.0
601398.SS,48.0,72.0,190,58.0
600886.SS,41.0,41.0,195,22.0
600196.SS,68.0,60.0,36,82.0
600460.SS,27.0,11.0,208,13.0
600271.SS,45.0,85.0,2,20.0
600352.SS,23.0,26.0,291,8.0
600177.SS,2.0,81.0,98,7.0
002092.SZ,18.0,91.0,209,20.0
600260.SS,1.0,47.0,104,9.0
600655.SS,40.0,18.0,172,54.0
000002.SZ,88.0,37.0,106,55.0
601088.SS,91.0,47.0,6,73.0
600885.SS,9.0,57.0,98,14.0
600606.SS,0.0,30.0,216,10.0
600009.SS,10.0,32.0,91,21.0
600036.SS,56.0,29.0,311,65.0
002129.SZ,56.0,51.0,26,45.0
601009.SS,13.0,67.0,552,22.0
002217.SZ,23.0,28.0,103,14.0
600346.SS,17.0,79.0,239,12.0
000012.SZ,44.0,32.0,240,11.0
600315.SS,47.0,77.0,41,34.0
600030.SS,61.0,64.0,146,32.0
600118.SS,1.0,66.0,83,11.0
600273.SS,36.0,51.0,228,15.0
000031.SZ,48.0,36.0,214,43.0
000627.SZ,6.0,75.0,141,34.0
000688.SZ,16.0,56.0,399,6.0
600153.SS,58.0,35.0,12,21.0
002010.SZ,17.0,0.0,173,2.0
600673.SS,33.0,45.0,340,18.0
600010.SS,36.0,69.0,300,18.0
600675.SS,57.0,38.0,163,56.0
000513.SZ,62.0,46.0,91,63.0
600674.SS,19.0,74.0,201,18.0
600643.SS,0.0,8.0,365,13.0
000028.SZ,28.0,32.0,216,29.0
YNLG.SI,44.0,17.0,264,40.0
600648.SS,47.0,43.0,203,48.0
600600.SS,49.0,84.0,47,36.0
600372.SS,2.0,39.0,98,16.0
000961.SZ,8.0,45.0,338,14.0
600309.SS,50.0,18.0,170,53.0
002142.SZ,47.0,76.0,301,34.0
600663.SS,34.0,36.0,242,41.0
002032.SZ,55.0,58.0,21,58.0
601808.SS,66.0,52.0,81,39.0
1530.HK,64.0,73.0,59,65.0
1666.HK,45.0,78.0,103,43.0
3900.HK,66.0,31.0,190,45.0
000723.SZ,22.0,58.0,380,4.0
600068.SS,43.0,76.0,116,19.0
000538.SZ,55.0,29.0,163,43.0
002013.SZ,13.0,44.0,96,8.0
600741.SS,23.0,39.0,182,25.0
600015.SS,29.0,58.0,461,34.0
600297.SS,18.0,52.0,194,11.0
600519.SS,31.0,39.0,87,14.0
600863.SS,21.0,72.0,226,3.0
000998.SZ,5.0,18.0,349,11.0
000039.SZ,39.0,78.0,236,43.0
600801.SS,23.0,81.0,63,11.0
600820.SS,44.0,71.0,114,23.0
000425.SZ,29.0,51.0,437,9.0
002124.SZ,37.0,21.0,255,38.0
000987.SZ,30.0,22.0,298,29.0
600398.SS,2.0,48.0,103,16.0
600845.SS,43.0,77.0,280,12.0
000977.SZ,35.0,27.0,75,30.0
600012.SS,44.0,38.0,76,28.0
601333.SS,22.0,62.0,73,36.0
600056.SS,18.0,41.0,276,13.0
3333.HK,59.0,30.0,192,52.0
000581.SZ,23.0,49.0,196,8.0
600754.SS,16.0,65.0,146,49.0
000596.SZ,16.0,20.0,99,12.0
000630.SZ,25.0,82.0,319,11.0
000089.SZ,36.0,58.0,54,45.0
2382.HK,75.0,80.0,6,74.0
000625.SZ,36.0,82.0,151,14.0
601727.SS,80.0,54.0,77,72.0
000988.SZ,34.0,72.0,70,18.0
000338.SZ,72.0,49.0,72,51.0
3998.HK,57.0,60.0,41,55.0
600332.SS,72.0,86.0,60,52.0
000776.SZ,83.0,77.0,51,50.0
600583.SS,9.0,38.0,204,12.0
1393.HK,13.0,81.0,29,20.0
601991.SS,34.0,66.0,174,24.0
600221.SS,11.0,69.0,85,19.0
600887.SS,77.0,85.0,58,55.0
600548.SS,81.0,87.0,20,40.0
900948.SS,81.0,92.0,4,55.0
600115.SS,47.0,71.0,33,61.0
600362.SS,71.0,83.0,124,47.0
000898.SZ,62.0,85.0,169,36.0
000623.SZ,32.0,73.0,168,24.0
600029.SS,69.0,72.0,23,60.0
600516.SS,0.0,86.0,426,12.0
600276.SS,19.0,29.0,267,22.0
0576.HK,84.0,66.0,27,43.0
601699.SS,27.0,44.0,39,17.0
600377.SS,71.0,71.0,26,50.0
600585.SS,52.0,65.0,29,51.0
MLCO.O,89.0,80.0,7,83.0
0696.HK,34.0,44.0,285,52.0
600808.SS,68.0,74.0,155,44.0
002202.SZ,76.0,38.0,25,50.0
600016.SS,35.0,28.0,323,70.0
600699.SS,0.0,59.0,215,4.0
600026.SS,66.0,79.0,51,39.0
0073.HK,55.0,36.0,225,31.0
000839.SZ,2.0,29.0,219,18.0
601186.SS,27.0,70.0,148,19.0
000792.SZ,23.0,78.0,219,16.0
601600.SS,71.0,54.0,183,44.0
600048.SS,47.0,79.0,113,48.0
2007.HK,96.0,69.0,13,79.0
600837.SS,66.0,86.0,46,48.0
600835.SS,23.0,50.0,432,16.0
3377.HK,47.0,70.0,120,54.0
0656.HK,74.0,59.0,50,72.0
601633.SS,51.0,73.0,136,17.0
1882.HK,73.0,70.0,168,37.0
601800.SS,52.0,73.0,55,67.0
000963.SZ,53.0,52.0,156,33.0
600028.SS,73.0,71.0,81,46.0
002065.SZ,36.0,28.0,511,36.0
000778.SZ,30.0,80.0,304,14.0
000826.SZ,30.0,24.0,372,9.0
NTES.O,72.0,64.0,66,70.0
601328.SS,57.0,46.0,259,60.0
000157.SZ,40.0,64.0,343,21.0
600188.SS,81.0,81.0,5,57.0
000021.SZ,5.0,39.0,90,18.0
0981.HK,47.0,40.0,90,62.0
000027.SZ,28.0,58.0,202,18.0
000401.SZ,17.0,53.0,73,7.0
2689.HK,37.0,46.0,48,35.0
000960.SZ,55.0,82.0,161,47.0
0813.HK,78.0,60.0,97,47.0
000661.SZ,43.0,65.0,117,46.0
000725.SZ,84.0,34.0,20,77.0
600567.SS,43.0,76.0,36,37.0
600298.SS,33.0,56.0,254,23.0
600875.SS,60.0,75.0,235,26.0
600027.SS,41.0,23.0,220,16.0
600415.SS,2.0,47.0,97,17.0
600498.SS,48.0,59.0,37,63.0
600970.SS,31.0,41.0,134,44.0
002185.SZ,9.0,28.0,222,7.0
000413.SZ,63.0,19.0,81,17.0
000001.SZ,34.0,32.0,327,67.0
001914.SZ,6.0,14.0,389,7.0
000750.SZ,56.0,68.0,93,49.0
000825.SZ,63.0,81.0,175,36.0
3808.HK,66.0,34.0,254,46.0
603993.SS,85.0,69.0,58,68.0
002008.SZ,46.0,67.0,350,10.0
2777.HK,52.0,89.0,41,72.0
600446.SS,0.0,52.0,459,26.0
002179.SZ,62.0,88.0,146,41.0
000983.SZ,28.0,57.0,32,14.0
000999.SZ,63.0,19.0,166,45.0
0581.HK,49.0,40.0,297,25.0
000046.SZ,16.0,28.0,284,10.0
600637.SS,17.0,50.0,161,21.0
601601.SS,66.0,91.0,79,32.0
601166.SS,26.0,24.0,565,48.0
3331.HK,66.0,52.0,30,63.0
601998.SS,56.0,80.0,183,52.0
600436.SS,46.0,32.0,165,45.0
600201.SS,57.0,85.0,61,60.0
600566.SS,13.0,36.0,266,21.0
600038.SS,22.0,56.0,79,12.0
601318.SS,69.0,62.0,80,56.0
600816.SS,2.0,43.0,305,11.0
601099.SS,7.0,84.0,130,35.0
3323.HK,60.0,72.0,33,33.0
600549.SS,75.0,43.0,148,60.0
600011.SS,49.0,37.0,161,34.0
600176.SS,13.0,45.0,92,32.0
601628.SS,37.0,91.0,29,72.0
000703.SZ,24.0,32.0,270,19.0
000869.SZ,0.0,31.0,110,1.0
000997.SZ,0.0,52.0,17,24.0
BIDU.O,42.0,33.0,171,88.0
600760.SS,31.0,33.0,93,6.0
600521.SS,22.0,25.0,232,32.0
600167.SS,65.0,57.0,16,23.0
000768.SZ,18.0,55.0,72,22.0
600109.SS,14.0,66.0,150,44.0
600018.SS,37.0,76.0,52,39.0
600426.SS,32.0,36.0,274,7.0
601857.SS,59.0,41.0,125,54.0
0819.HK,38.0,69.0,146,21.0
000895.SZ,65.0,55.0,152,43.0
600804.SS,0.0,16.0,245,12.0
600582.SS,17.0,32.0,510,5.0
601880.SS,12.0,38.0,92,16.0
600160.SS,30.0,32.0,253,21.0
002085.SZ,22.0,42.0,157,41.0
601866.SS,41.0,38.0,553,35.0
600486.SS,21.0,32.0,288,11.0
600406.SS,69.0,59.0,169,49.0
600031.SS,74.0,59.0,223,29.0
600809.SS,18.0,22.0,89,26.0
600739.SS,35.0,44.0,196,24.0
600550.SS,59.0,71.0,298,9.0
600511.SS,44.0,69.0,122,39.0
002001.SZ,32.0,59.0,263,16.0
002024.SZ,38.0,67.0,108,41.0
600895.SS,35.0,51.0,197,54.0
002110.SZ,28.0,37.0,358,18.0
0658.HK,66.0,43.0,23,64.0
600522.SS,63.0,65.0,40,43.0
600019.SS,0.0,28.0,537,2.0
002074.SZ,68.0,43.0,259,35.0
600062.SS,45.0,50.0,160,37.0
1066.HK,41.0,89.0,88,32.0
002049.SZ,0.0,63.0,195,15.0
1813.HK,58.0,56.0,167,37.0
600021.SS,19.0,46.0,235,13.0
000423.SZ,36.0,81.0,131,32.0
600667.SS,20.0,24.0,208,7.0
601898.SS,58.0,25.0,27,31.0
002212.SZ,6.0,73.0,207,45.0
600642.SS,24.0,21.0,41,3.0
600528.SS,34.0,52.0,169,10.0
SINA.O,0.0,15.0,778,20.0
0151.HK,66.0,24.0,215,38.0
600380.SS,52.0,85.0,67,57.0
000728.SZ,71.0,56.0,116,51.0
0700.HK,73.0,84.0,13,83.0
002078.SZ,16.0,77.0,48,26.0
000783.SZ,6.0,36.0,289,26.0
000069.SZ,33.0,42.0,155,49.0
0489.HK,70.0,77.0,56,47.0
600170.SS,54.0,76.0,97,22.0
YAZG.SI,28.0,37.0,393,34.0
002174.SZ,4.0,26.0,493,53.0
002152.SZ,3.0,12.0,101,18.0
600536.SS,0.0,71.0,279,35.0
1818.HK,53.0,72.0,207,38.0
000786.SZ,58.0,73.0,66,28.0
3983.HK,25.0,65.0,222,20.0
600745.SS,9.0,66.0,84,6.0
600535.SS,44.0,59.0,145,37.0
000860.SZ,13.0,39.0,80,37.0
601390.SS,34.0,40.0,172,15.0
002120.SZ,16.0,40.0,116,40.0
EDU,23.0,55.0,9,73.0
600369.SS,2.0,32.0,308,24.0
0410.HK,72.0,80.0,87,38.0
601006.SS,29.0,39.0,147,7.0
600258.SS,12.0,30.0,293,4.0
1888.HK,48.0,55.0,53,34.0
600219.SS,37.0,86.0,226,38.0
002030.SZ,15.0,65.0,186,23.0
002153.SZ,0.0,58.0,426,26.0
002594.SZ,67.0,78.0,93,27.0
600132.SS,5.0,20.0,108,5.0
600795.SS,29.0,36.0,233,13.0
600733.SS,35.0,73.0,109,48.0
000063.SZ,83.0,62.0,9,86.0
600008.SS,69.0,35.0,12,69.0
000568.SZ,39.0,71.0,68,23.0
HCM.L,16.0,81.0,127,44.0
0189.HK,31.0,56.0,212,26.0
3818.HK,40.0,79.0,56,34.0
600383.SS,16.0,48.0,297,22.0
0460.HK,62.0,32.0,130,52.0
002146.SZ,26.0,54.0,235,34.0
600050.SS,53.0,70.0,84,48.0
3883.HK,77.0,66.0,80,49.0
000686.SZ,45.0,58.0,151,43.0
002050.SZ,16.0,55.0,455,10.0
002075.SZ,28.0,76.0,332,8.0
600161.SS,26.0,17.0,248,32.0
601607.SS,38.0,52.0,81,35.0
2328.HK,74.0,81.0,51,52.0
600256.SS,30.0,69.0,182,33.0
600066.SS,70.0,62.0,111,24.0
601169.SS,18.0,44.0,651,28.0
000681.SZ,15.0,60.0,293,16.0
0272.HK,60.0,46.0,88,78.0
000050.SZ,56.0,48.0,40,53.0
3308.HK,13.0,56.0,68,41.0
600373.SS,0.0,25.0,176,35.0
000547.SZ,1.0,53.0,88,13.0
0552.HK,23.0,83.0,80,67.0
600085.SS,32.0,73.0,136,38.0
000656.SZ,35.0,36.0,238,42.0
3383.HK,51.0,59.0,135,53.0
600704.SS,56.0,44.0,87,34.0
000100.SZ,68.0,24.0,37,62.0
3339.HK,50.0,60.0,290,30.0
000540.SZ,34.0,50.0,261,19.0
600782.SS,28.0,80.0,298,19.0
002019.SZ,39.0,76.0,159,22.0
000709.SZ,30.0,45.0,354,13.0
600572.SS,16.0,51.0,204,27.0
2005.HK,27.0,87.0,126,35.0
002156.SZ,11.0,50.0,194,16.0
000559.SZ,9.0,11.0,229,6.0
600872.SS,26.0,80.0,228,23.0
000060.SZ,36.0,51.0,320,21.0
3888.HK,45.0,85.0,164,28.0
002157.SZ,6.0,69.0,295,10.0
000629.SZ,52.0,61.0,235,36.0
600867.SS,16.0,32.0,247,27.0
000876.SZ,41.0,80.0,174,37.0
